;;;;;
Date;Apple;Paypal;BlackRock;Ford;American Airlines
2016-01-04;24.364536;34.750000;292.747284;10.638138;39.095455
2016-01-05;23.753977;34.310001;293.503082;10.447763;38.722763
2016-01-06;23.289116;33.980000;290.163483;9.983250;39.401257
2016-01-07;22.306208;33.130001;277.481567;9.671035;38.655853
2016-01-08;22.424154;32.689999;270.494568;9.549194;38.579407
2016-01-11;22.787258;33.040001;270.969147;9.724339;39.257915
2016-01-12;23.117975;33.080002;275.600769;9.785259;40.137115
2016-01-13;22.523605;32.119999;267.708618;9.290285;38.321396
2016-01-14;23.016216;32.869999;272.445679;9.282670;38.751427
2016-01-15;22.463472;32.310001;260.651428;9.115138;37.040825
2016-01-19;22.354780;32.200001;258.384033;9.099909;37.136383
2016-01-20;22.384842;31.200001;256.626190;9.061834;37.327518
2016-01-21;22.271521;31.200001;254.780716;9.145600;38.025139
2016-01-22;23.455633;31.690001;264.149292;9.244596;38.378731
2016-01-25;22.997717;31.469999;254.622421;9.122755;37.155502
2016-01-26;23.124914;31.969999;263.006744;9.335974;37.881786
2016-01-27;21.605453;31.590000;265.520264;9.328103;37.929569
2016-01-28;21.760410;34.240002;262.927643;9.217897;36.448322
2016-01-29;22.512041;36.139999;276.189667;9.398948;37.260632
2016-02-01;22.301582;37.080002;274.423004;9.501283;37.633320
2016-02-02;21.850603;36.830002;264.720520;9.060461;35.387558
2016-02-03;22.283085;37.009998;267.225220;9.021104;35.846268
2016-02-04;22.462126;37.169998;275.697418;9.076204;36.515217
2016-02-05;21.862209;35.070000;270.468231;9.013232;35.119984
2016-02-08;22.092409;33.610001;257.909424;9.123435;34.065891
2016-02-09;22.087757;32.700001;258.849823;8.934513;34.679176
2016-02-10;21.920340;32.900002;262.391510;8.926642;35.570347
2016-02-11;21.787796;33.520000;258.568481;8.792821;34.966640
2016-02-12;21.855232;34.299999;269.633392;9.091947;36.241119
2016-02-16;22.471428;35.459999;276.374176;9.343845;36.998150
2016-02-17;22.815565;36.360001;281.128815;9.658719;37.697681
2016-02-18;22.383070;36.310001;277.692413;9.650846;37.889324
2016-02-19;22.331917;35.759998;276.216003;9.524899;38.100147
2016-02-22;22.527231;36.000000;278.114258;9.887002;39.135056
2016-02-23;22.018002;35.480000;272.322601;9.776794;38.694263
2016-02-24;22.345863;36.470001;270.670410;9.509153;38.962559
2016-02-25;22.499331;36.740002;275.627167;9.753181;39.633343
2016-02-26;22.534208;37.490002;275.890747;9.816155;39.163799
2016-02-29;22.483057;38.139999;274.168243;9.847643;39.288372
2016-03-01;23.375963;39.250000;283.492859;10.304208;40.083725
2016-03-02;23.427116;39.160000;287.149017;10.406543;39.853752
2016-03-03;23.601511;39.020000;285.998383;10.658441;40.131638
2016-03-04;23.952627;39.040001;286.547119;10.697801;39.892078
2016-03-07;23.687551;38.980000;289.175720;10.721416;40.371197
2016-03-08;23.492224;38.160000;283.573273;10.414413;39.067982
2016-03-09;23.513155;38.570000;290.574158;10.382925;39.911240
2016-03-10;23.524775;38.490002;287.635742;10.351439;39.892078
2016-03-11;23.778234;39.490002;300.610748;10.461644;40.697014
2016-03-14;23.838688;39.380001;298.991058;10.445899;40.811993
2016-03-15;24.317701;39.270000;295.725159;10.414413;40.352039
2016-03-16;24.640911;39.840000;295.672028;10.626953;40.543682
2016-03-17;24.601379;39.930000;302.637512;10.603337;40.342449
2016-03-18;24.629284;39.410000;303.186249;10.737159;41.626507
2016-03-21;24.626959;41.139999;302.672974;10.752901;41.655258
2016-03-22;24.815302;41.320000;301.115204;10.697801;40.974892
2016-03-23;24.678110;40.520000;300.239105;10.438031;40.169971
2016-03-24;24.571148;38.919998;295.857971;10.280594;38.809242
2016-03-28;24.459534;38.740002;298.185699;10.304208;39.202126
2016-03-29;25.038527;39.529999;300.840881;10.390799;39.623764
2016-03-30;25.475679;39.040001;302.132996;10.508875;39.652512
2016-03-31;25.343138;38.599998;301.425018;10.626953;39.297958
2016-04-01;25.575666;39.400002;303.159760;10.312080;37.870159
2016-04-04;25.838421;38.790001;299.610626;10.075926;37.726421
2016-04-05;25.533810;38.549999;296.318176;10.052311;37.304790
2016-04-06;25.801216;39.160000;298.442322;10.091670;37.276047
2016-04-07;25.238501;38.279999;290.627258;9.855514;36.758587
2016-04-08;25.266407;38.410000;293.485931;9.879128;36.892742
2016-04-11;25.350115;38.060001;294.689636;9.965721;37.113148
2016-04-12;25.680305;37.799999;300.309784;10.083799;37.553940
2016-04-13;26.052345;38.790001;308.257660;10.280594;38.272629
2016-04-14;26.066298;38.639999;314.116730;10.304208;39.451279
2016-04-15;25.543112;38.580002;316.621490;10.186131;39.202126
2016-04-18;24.992023;39.639999;316.851624;10.430157;39.211716
2016-04-19;24.859484;39.240002;322.746094;10.579721;39.614185
2016-04-20;24.910643;40.080002;324.746277;10.737159;39.537510
2016-04-21;24.640911;40.099998;322.241608;10.745030;38.339710
2016-04-22;24.573479;40.310001;323.463013;10.713542;36.614849
2016-04-25;24.433960;39.820000;321.860992;10.689926;35.455364
2016-04-26;24.264212;39.730000;323.896606;10.823749;35.378708
2016-04-27;22.745811;40.009998;325.233154;10.871499;35.177475
2016-04-28;22.050558;40.070000;317.586151;11.213721;34.468365
2016-04-29;21.797100;39.180000;315.373505;10.791914;33.241791
2016-05-02;21.773848;39.020000;319.949249;10.839666;33.088032
2016-05-03;22.131937;38.360001;314.807098;10.688452;33.232189
2016-05-04;21.901741;38.310001;311.691681;10.592950;31.915586
2016-05-05;21.812840;38.950001;311.612061;10.600907;31.531174
2016-05-06;21.691189;39.480000;315.090302;10.696409;31.742601
2016-05-09;21.707569;39.619999;314.205261;10.600907;31.656111
2016-05-10;21.854948;40.110001;318.781067;10.736203;32.453758
2016-05-11;21.642059;39.709999;313.151947;10.600907;31.579233
2016-05-12;21.134403;39.509998;314.727478;10.624782;30.108864
2016-05-13;21.176514;39.480000;307.372559;10.521320;30.281847
2016-05-16;21.962561;39.299999;311.390717;10.600907;30.868067
2016-05-17;21.871321;39.064999;308.726685;10.457650;31.367804
2016-05-18;22.121643;38.980000;312.859985;10.473568;31.338974
2016-05-19;22.037428;37.650002;310.275543;10.417858;30.896898
2016-05-20;22.276043;37.529999;313.320160;10.497443;30.762354
2016-05-23;22.559116;38.070000;313.222809;10.449692;30.493271
2016-05-24;22.903015;38.919998;319.666046;10.577031;30.896898
2016-05-25;23.305397;38.759998;322.241608;10.760079;30.916122
2016-05-26;23.490213;38.070000;321.365387;10.712329;30.281847
2016-05-27;23.476171;38.090000;323.126617;10.704370;30.416388
2016-05-31;23.361542;37.790001;322.029175;10.736203;30.666256
2016-06-01;23.034023;38.310001;322.684143;10.433773;30.704693
2016-06-02;22.860905;38.560001;321.624237;10.513361;30.435608
2016-06-03;22.907692;38.330002;320.074493;10.378063;29.609127
2016-06-06;23.073790;38.099998;322.470367;10.489487;30.041590
2016-06-07;23.167370;37.570000;319.798401;10.648657;31.098719
2016-06-08;23.146317;37.549999;320.947327;10.632741;31.242867
2016-06-09;23.312412;37.130001;318.818695;10.553153;32.098186
2016-06-10;23.120579;36.770000;309.030487;10.425817;31.848307
2016-06-13;22.772001;36.540001;306.910614;10.330312;30.560539
2016-06-14;22.800076;37.160000;302.635529;10.218892;29.176666
2016-06-15;22.725216;36.840000;302.421753;10.354189;29.301603
2016-06-16;22.821135;36.970001;302.341553;10.441730;28.004217
2016-06-17;22.301785;36.970001;304.496979;10.553153;28.196426
2016-06-20;22.247978;36.860001;310.330719;10.680492;28.552002
2016-06-21;22.437468;36.160000;309.947815;10.521320;28.849916
2016-06-22;22.353247;36.000000;309.653839;10.489487;28.724991
2016-06-23;22.481915;36.660000;317.830048;10.664576;29.147839
2016-06-24;21.850271;35.080002;296.151520;9.964214;25.995686
2016-06-27;21.532110;34.200001;284.599762;9.677702;24.285061
2016-06-28;21.894722;35.240002;288.536407;9.860751;25.726597
2016-06-29;22.084213;35.770000;299.919006;9.988091;26.620348
2016-06-30;22.364946;36.509998;305.075928;10.004008;27.206568
2016-07-01;22.432791;36.349998;303.962616;10.123388;28.186813
2016-07-05;22.222239;36.119999;299.331085;9.868711;27.802406
2016-07-06;22.348570;35.930000;299.357910;10.004008;27.245014
2016-07-07;22.444483;36.320000;298.467133;10.147264;28.254086
2016-07-08;22.617603;37.360001;307.453949;10.417858;28.869146
2016-07-11;22.687780;38.150002;309.502411;10.561112;29.945486
2016-07-12;22.790722;38.790001;318.293152;10.704370;33.309063
2016-07-13;22.662050;39.279999;318.408997;10.728243;33.107258
2016-07-14;23.111225;39.959999;316.351563;10.815787;34.481514
2016-07-15;23.108885;39.090000;317.830048;10.799873;34.491123
2016-07-18;23.354523;38.919998;318.658325;10.863541;34.625668
2016-07-19;23.363882;39.369999;317.589508;10.863541;34.606449
2016-07-20;23.384943;40.049999;320.439667;10.935168;34.519951
2016-07-21;23.260948;40.130001;320.190277;11.078426;33.597370
2016-07-22;23.080814;37.419998;323.352051;11.014757;34.942806
2016-07-25;22.772001;37.779999;321.900360;11.006797;34.404636
2016-07-26;22.615261;37.689999;322.354523;11.151623;35.125408
2016-07-27;24.084423;37.220001;323.583710;11.135532;34.789043
2016-07-28;24.409603;37.220001;323.637146;10.226344;34.923580
2016-07-29;24.379189;37.240002;326.202209;10.186113;34.116333
2016-08-01;24.809647;37.060001;328.045837;10.041287;34.212429
2016-08-02;24.442360;36.540001;326.941437;9.606809;32.203899
2016-08-03;24.748821;36.580002;327.903320;9.759680;32.271362
2016-08-04;24.901709;37.299999;326.202209;9.719453;32.367748
2016-08-05;25.280399;38.099998;333.772705;9.807957;33.196705
2016-08-08;25.489735;37.910000;331.047363;9.799911;33.109951
2016-08-09;25.593224;38.099998;328.339752;9.904508;33.341293
2016-08-10;25.402708;38.070000;326.371460;9.856231;32.946095
2016-08-11;25.386244;38.459999;327.217529;9.904508;33.697941
2016-08-12;25.445040;38.509998;326.513916;9.920600;33.659374
2016-08-15;25.750818;38.459999;330.201294;10.001058;34.575081
2016-08-16;25.727297;38.380001;326.932526;9.928647;35.423321
2016-08-17;25.689667;38.139999;329.631226;9.968874;35.278732
2016-08-18;25.656736;38.220001;330.245789;9.920600;35.346210
2016-08-19;25.722595;38.090000;331.368073;9.968874;35.172699
2016-08-22;25.522665;38.110001;330.922607;9.944737;34.700397
2016-08-23;25.602634;37.860001;331.572876;9.993011;35.085953
2016-08-24;25.409765;37.520000;328.758423;9.896462;35.326927
2016-08-25;25.301565;37.509998;328.206177;10.033242;35.394398
2016-08-26;25.153379;37.650002;330.513000;9.960830;34.922092
2016-08-29;25.125162;37.290001;332.926605;10.033242;34.864254
2016-08-30;24.932287;37.000000;334.886108;10.097610;35.712486
2016-08-31;24.955809;37.150002;334.079590;10.137840;34.989567
2016-09-01;25.103992;36.830002;333.506104;10.009105;34.931732
2016-09-02;25.339201;37.070000;335.011536;10.057380;35.211254
2016-09-06;25.332144;37.180000;332.986359;10.194161;35.625729
2016-09-07;25.487383;38.560001;334.733765;10.218298;37.351112
2016-09-08;24.819384;39.270000;333.694244;10.242435;37.929455
2016-09-09;24.257231;38.009998;324.553955;9.960830;37.100506
2016-09-12;24.800570;38.770000;329.858856;10.218298;36.955925
2016-09-13;25.390945;39.860001;323.415955;9.960830;36.020939
2016-09-14;26.289452;39.959999;323.227631;9.767728;35.076305
2016-09-15;27.183249;40.830002;327.528992;9.743589;35.095589
2016-09-16;27.030363;40.700001;327.950165;9.743589;34.208805
2016-09-19;26.715181;40.009998;329.733398;9.743589;34.160606
2016-09-20;26.712826;39.689999;327.717163;9.655085;33.881077
2016-09-21;26.708122;40.290001;331.893036;9.727498;33.418404
2016-09-22;26.959799;40.490002;335.029358;9.799911;33.977467
2016-09-23;26.510548;40.070000;327.663391;9.791863;34.266632
2016-09-26;26.550533;40.340000;323.227631;9.663128;33.669022
2016-09-27;26.599924;41.060001;324.204437;9.638993;34.700397
2016-09-28;26.802208;40.970001;324.105774;9.727498;34.546165
2016-09-29;26.385885;40.389999;320.118164;9.630947;34.526890
2016-09-30;26.590519;40.970001;324.804871;9.711407;35.288368
2016-10-03;26.465857;40.590000;322.663116;9.735544;36.339024
2016-10-04;26.578756;40.779999;319.042847;9.816004;36.271553
2016-10-05;26.590519;40.439999;321.023193;10.041287;36.502880
2016-10-06;26.788094;40.180000;319.732819;9.968874;36.792053
2016-10-07;26.828075;39.880001;320.100250;9.888415;36.367935
2016-10-10;27.296154;39.860001;321.525055;9.751635;37.486057
2016-10-11;27.354954;39.189999;315.314972;9.647038;36.820969
2016-10-12;27.599573;39.529999;314.625031;9.622901;36.030575
2016-10-13;27.514896;39.200001;313.047821;9.582670;37.823429
2016-10-14;27.667780;39.240002;318.039154;9.582670;37.254730
2016-10-17;27.648966;39.480000;317.761322;9.558534;37.187252
2016-10-18;27.630150;39.830002;319.544586;9.566579;37.929455
2016-10-19;27.547821;40.240002;316.076691;9.663128;39.163242
2016-10-20;27.533712;40.090000;312.895477;9.630947;39.124695
2016-10-21;27.425516;44.150002;309.651550;9.671175;38.459599
2016-10-24;27.672491;43.869999;307.491943;9.807957;38.392128
2016-10-25;27.813614;43.310001;306.058167;9.653179;38.257183
2016-10-26;27.187952;42.330002;304.812561;9.677618;37.900543
2016-10-27;26.926868;41.689999;304.929077;9.563574;38.469238
2016-10-28;26.748108;41.759998;304.400330;9.547280;38.613827
2016-10-31;26.705769;41.660000;305.789307;9.563574;39.134323
2016-11-01;26.223593;41.540001;305.538452;9.457671;38.363205
2016-11-02;26.247110;41.349998;303.432526;9.286604;38.276459
2016-11-03;25.965776;41.189999;305.699707;9.245872;38.054207
2016-11-04;25.731720;40.900002;309.875610;9.237725;38.402084
2016-11-07;26.102900;41.279999;320.485535;9.433235;40.093163
2016-11-08;26.256563;41.580002;316.766724;9.351772;40.296097
2016-11-09;26.214012;41.259998;326.561188;9.433235;40.982193
2016-11-10;25.483482;40.450001;336.051025;9.726494;40.875896
2016-11-11;25.634789;40.080002;332.627899;10.003464;41.484688
2016-11-14;24.991735;38.810001;334.975647;9.824250;41.938862
2016-11-15;25.322718;38.939999;333.488159;9.807958;43.253067
2016-11-16;26.003603;39.070000;329.276428;9.775372;42.953518
2016-11-17;25.994146;39.880001;332.789246;9.669472;44.287060
2016-11-18;26.020147;40.080002;334.052673;9.579865;44.702568
2016-11-21;26.414972;40.630001;335.656738;9.604302;44.528633
2016-11-22;26.431519;40.330002;334.303619;9.685764;44.528633
2016-11-23;26.296761;40.049999;334.240906;9.693910;44.779877
2016-11-25;26.429152;40.259998;334.850250;9.807958;45.243721
2016-11-28;26.377140;39.959999;330.351746;9.710204;44.934494
2016-11-29;26.351133;39.889999;330.262085;9.710204;45.311367
2016-11-30;26.128902;39.279999;332.269409;9.742787;44.876511
2016-12-01;25.885395;38.340000;338.013458;10.125656;44.209743
2016-12-02;25.982323;38.619999;332.780212;9.970880;44.547966
2016-12-05;25.795553;38.990002;335.459564;10.133801;44.180756
2016-12-06;25.994146;38.980000;335.119019;10.231556;44.866859
2016-12-07;26.249474;39.450001;340.352386;10.638864;47.012108
2016-12-08;26.507175;39.610001;351.901215;10.614423;46.432304
2016-12-09;26.939817;39.650002;350.287506;10.728472;47.968777
2016-12-12;26.786144;39.430000;351.856110;10.443356;45.987801
2016-12-13;27.232977;39.430000;353.983765;10.402627;46.229378
2016-12-14;27.232977;39.549999;351.603699;10.207117;46.306683
2016-12-15;27.381918;39.540001;354.984436;10.247848;46.673889
2016-12-16;27.417383;39.320000;353.965668;10.288578;46.026451
2016-12-19;27.575779;39.439999;351.396362;10.313017;46.944473
2016-12-20;27.649071;39.740002;359.221741;10.410771;47.562927
2016-12-21;27.675074;40.090000;354.786133;10.296725;47.804504
2016-12-22;27.493036;39.680000;349.007202;10.101216;47.050770
2016-12-23;27.547411;39.580002;347.763000;10.150093;46.847832
2016-12-27;27.722363;39.720001;349.340729;10.093071;46.973461
2016-12-28;27.604153;39.570000;343.516754;9.979024;46.065098
2016-12-29;27.597061;39.959999;341.686676;9.962733;45.659245
2016-12-30;27.381918;39.470001;343.075073;9.881270;45.118092
2017-01-03;27.459938;40.250000;348.385162;10.255995;44.741226
2017-01-04;27.429203;41.000000;348.592560;10.728472;45.127758
2017-01-05;27.568691;41.060001;344.878204;10.402627;44.345032
2017-01-06;27.876030;41.450001;346.464844;10.394480;44.654255
2017-01-09;28.131361;41.400002;342.966827;10.288578;45.494972
2017-01-10;28.159733;41.080002;342.867706;10.467794;46.847832
2017-01-11;28.311039;41.279999;343.444672;10.321165;47.002449
2017-01-12;28.192831;41.560001;341.046509;10.255995;46.480625
2017-01-13;28.143188;41.599998;342.002197;10.288578;46.045776
2017-01-17;28.370150;41.270000;337.900146;10.272288;45.176075
2017-01-18;28.367781;41.349998;340.785095;10.272288;46.036125
2017-01-19;28.318136;41.270000;340.199066;10.288842;45.668903
2017-01-20;28.370150;41.689999;343.850372;10.230900;46.383995
2017-01-23;28.389057;41.619999;340.839203;10.189513;45.359676
2017-01-24;28.363052;41.959999;343.832336;10.437836;45.939484
2017-01-25;28.814610;41.709999;350.098145;10.586829;46.297024
2017-01-26;28.828796;41.500000;342.065338;10.239177;47.920460
2017-01-27;28.831160;40.270000;338.134583;10.338505;45.369350
2017-01-30;28.755507;39.860001;338.242737;10.239177;43.388363
2017-01-31;28.689308;39.779999;337.160858;10.230900;42.760242
2017-02-01;30.438799;39.310001;336.277405;10.197790;42.566971
2017-02-02;30.386791;39.580002;335.051270;10.164680;42.528328
2017-02-03;30.516821;39.590000;340.785095;10.396448;42.711933
2017-02-06;30.802887;39.740002;340.262177;10.363338;43.774887
2017-02-07;31.096045;40.020000;339.784363;10.214345;43.649269
2017-02-08;31.216612;40.880001;337.683716;10.247454;43.542976
2017-02-09;31.442188;40.830002;341.299042;10.247454;44.840740
2017-02-10;31.370947;40.580002;345.193695;10.355060;44.986012
2017-02-13;31.648762;41.169998;347.844177;10.396448;45.915756
2017-02-14;32.059544;41.619999;347.077942;10.470943;45.102234
2017-02-15;32.175884;41.869999;354.344360;10.454391;46.041664
2017-02-16;32.137894;42.150002;353.379669;10.379891;45.489624
2017-02-17;32.225754;41.959999;350.485718;10.413003;45.431519
2017-02-21;32.458447;42.430000;351.693848;10.504054;45.334675
2017-02-22;32.555794;42.419998;352.243774;10.487501;44.860111
2017-02-23;32.418076;42.529999;352.153564;10.396448;44.647041
2017-02-24;32.448948;43.070000;350.846375;10.321951;44.821369
2017-02-27;32.513054;42.639999;352.505219;10.479222;44.860111
2017-02-28;32.527302;42.000000;349.313751;10.371616;44.898846
2017-03-01;33.192142;42.430000;358.644806;10.504054;45.605846
2017-03-02;32.995064;42.770000;355.324249;10.479222;44.279018
2017-03-03;33.189762;43.029999;353.981506;10.470943;45.344345
2017-03-06;33.085289;42.869999;351.704315;10.363338;43.881943
2017-03-07;33.128029;42.889999;349.608582;10.313674;43.426754
2017-03-08;33.004562;42.790001;348.882751;10.371616;43.475185
2017-03-09;32.928577;42.919998;348.628723;10.346782;41.964348
2017-03-10;33.037796;42.990002;348.909943;10.371616;42.516388
2017-03-13;33.052044;42.590000;349.191254;10.379891;41.034603
2017-03-14;33.002182;42.099998;347.739594;10.388170;39.911160
2017-03-15;33.351227;42.389999;352.212311;10.470943;40.763432
2017-03-16;33.405842;42.400002;353.827301;10.512331;40.802177
2017-03-17;33.239635;43.080002;347.340485;10.330228;40.405098
2017-03-20;33.588676;43.160000;345.163086;10.164680;40.385719
2017-03-21;33.204002;42.639999;340.363678;9.701144;39.146065
2017-03-22;33.579170;43.189999;340.644928;9.742534;39.078270
2017-03-23;33.460449;43.139999;340.581451;9.659759;40.104866
2017-03-24;33.393963;43.130001;339.683319;9.618369;40.414783
2017-03-27;33.450958;43.080002;340.218536;9.485932;40.424458
2017-03-28;34.144287;43.150002;345.326324;9.643203;41.257359
2017-03-29;34.220264;43.240002;344.219482;9.668035;40.637531
2017-03-30;34.175156;43.540001;347.512848;9.668035;41.199245
2017-03-31;34.111042;43.020000;347.939209;9.634925;40.966808
2017-04-03;34.120541;42.630001;346.650909;9.469376;41.112087
2017-04-04;34.374607;42.720001;345.480560;9.411435;39.610931
2017-04-05;34.196522;42.889999;345.580322;9.320382;40.008007
2017-04-06;34.111042;42.900002;348.474487;9.328660;40.405098
2017-04-07;34.035061;43.040001;350.216492;9.295550;40.492260
2017-04-10;33.994701;43.049999;350.098480;9.312105;40.986187
2017-04-11;33.629044;42.689999;348.429138;9.336938;42.545441
2017-04-12;33.669403;42.490002;346.061249;9.295550;42.574493
2017-04-13;33.491325;42.549999;343.847565;9.196221;41.983711
2017-04-17;33.676521;43.099998;348.202332;9.336938;42.835983
2017-04-18;33.526943;43.090000;348.029938;9.345326;42.429218
2017-04-19;33.403461;43.299999;342.123718;9.387270;43.000629
2017-04-20;33.821369;43.689999;346.197327;9.622163;43.794785
2017-04-21;33.780998;43.810001;342.994720;9.513107;43.727001
2017-04-24;34.106297;44.270000;350.787994;9.588609;44.976322
2017-04-25;34.317619;44.709999;352.185150;9.630551;45.140968
2017-04-26;34.115788;44.410000;352.802094;9.731221;44.937592
2017-04-27;34.141903;47.150002;354.471436;9.622163;42.593857
2017-04-28;34.108673;47.720001;348.900940;9.622163;41.276730
2017-05-01;34.804371;47.540001;347.476563;9.580219;40.753746
2017-05-02;35.025200;49.049999;348.837433;9.160768;42.487331
2017-05-03;34.918350;49.020000;348.646942;9.286604;42.535751
2017-05-04;34.792503;48.910000;347.757782;9.227880;42.526070
2017-05-05;35.369492;49.299999;348.166046;9.345326;43.107159
2017-05-08;36.331139;49.169998;346.914093;9.336938;43.523609
2017-05-09;36.563831;49.220001;345.208466;9.362105;45.596161
2017-05-10;36.390495;49.790001;346.814209;9.261436;45.809223
2017-05-11;36.705208;49.700001;347.358582;9.236269;45.073174
2017-05-12;37.217823;49.369999;349.399933;9.160768;44.481129
2017-05-15;37.122452;49.770000;353.246613;9.177547;45.306114
2017-05-16;37.067619;50.340000;355.006683;9.177547;45.558460
2017-05-17;35.823048;49.049999;348.084442;9.026546;43.597912
2017-05-18;36.369038;49.110001;352.448364;9.051711;43.335861
2017-05-19;36.493019;49.389999;356.839325;9.118823;43.889088
2017-05-22;36.714752;49.770000;359.524780;9.311771;44.849945
2017-05-23;36.669449;50.130001;359.243591;9.269825;45.286705
2017-05-24;36.559772;51.049999;359.552002;9.194325;45.393459
2017-05-25;36.686138;50.930000;368.669922;9.110435;46.606678
2017-05-26;36.624149;51.189999;369.268677;9.169157;47.305489
2017-05-30;36.638451;51.060001;369.087250;9.294994;46.548439
2017-05-31;36.421490;52.209999;371.282745;9.328549;46.985199
2017-06-01;36.521626;53.160000;377.343872;9.571828;47.606354
2017-06-02;37.062847;53.520000;378.557953;9.521495;48.062527
2017-06-05;36.700447;53.799999;378.110718;9.437607;48.276051
2017-06-06;36.824417;53.400002;377.754639;9.328549;48.276051
2017-06-07;37.043770;53.849998;377.727356;9.286604;49.363087
2017-06-08;36.953171;54.389999;379.032593;9.311771;49.916313
2017-06-09;35.520245;53.400002;382.017548;9.336938;48.790455
2017-06-12;34.671463;52.160000;381.844116;9.462772;48.023705
2017-06-13;34.950420;52.060001;382.756989;9.454384;47.994587
2017-06-14;34.609474;51.900002;384.746918;9.412437;47.936352
2017-06-15;34.402042;52.290001;385.550262;9.429215;47.664589
2017-06-16;33.920437;51.840000;383.852386;9.412437;47.354012
2017-06-19;34.890816;52.930000;391.036285;9.429215;48.198406
2017-06-20;34.573723;52.520000;387.667969;9.328549;46.616383
2017-06-21;34.778755;53.540001;384.062256;9.261436;47.004604
2017-06-22;34.721539;53.869999;386.280457;9.336938;47.528717
2017-06-23;34.876507;54.330002;384.865540;9.261436;47.198723
2017-06-26;34.766838;53.740002;387.667969;9.378882;47.344303
2017-06-27;34.268524;52.730000;385.331116;9.294994;47.072544
2017-06-28;34.769218;54.389999;389.639679;9.303380;47.800472
2017-06-29;34.256607;53.419998;386.344360;9.370494;48.159576
2017-06-30;34.337669;53.669998;385.586731;9.387270;48.838978
2017-07-03;34.213696;52.869999;391.437958;9.697664;48.906921
2017-07-05;34.354362;54.610001;391.392303;9.479552;49.751308
2017-07-06;34.030106;53.470001;388.124451;9.378882;50.518059
2017-07-07;34.375809;53.970001;394.687622;9.445995;51.469219
2017-07-10;34.585625;54.939999;398.211060;9.513107;51.110115
2017-07-11;34.697689;54.759998;394.258575;9.546661;50.091011
2017-07-12;34.747765;56.549999;397.343933;9.622163;52.216557
2017-07-13;35.231762;57.900002;399.708130;9.731221;52.226265
2017-07-14;35.534557;57.160000;400.128082;9.798333;52.624199
2017-07-17;35.658535;57.580002;387.613220;9.848665;52.284500
2017-07-18;35.782524;58.959999;389.667053;9.857055;51.585693
2017-07-19;36.006630;58.349998;389.283691;9.924166;51.061573
2017-07-20;35.844505;59.090000;390.032196;9.941157;50.799526
2017-07-21;35.827812;58.669998;391.282745;9.796715;50.382187
2017-07-24;36.261749;58.580002;390.981598;9.592794;49.770721
2017-07-25;36.416725;58.259998;393.747375;9.575801;49.120449
2017-07-26;36.588387;58.790001;394.988800;9.397369;49.508671
2017-07-27;35.896961;60.150002;388.416504;9.499331;48.528400
2017-07-28;35.644234;59.200001;387.038086;9.490834;49.003983
2017-07-31;35.460644;58.549999;389.347565;9.533318;48.955448
2017-08-01;35.775372;59.340000;392.496826;9.303906;49.557205
2017-08-02;37.465775;59.119999;388.453003;9.346388;48.965160
2017-08-03;37.091457;58.419998;388.872925;9.286912;49.062214
2017-08-04;37.286964;58.860001;389.329315;9.303906;49.304852
2017-08-07;37.863949;59.619999;390.570770;9.278414;49.091331
2017-08-08;38.166752;59.480000;391.437958;9.252925;48.528400
2017-08-09;38.400398;59.669998;393.738251;9.278414;47.946056
2017-08-10;37.177273;58.020000;385.842377;9.150965;47.216652
2017-08-11;37.694294;58.040001;387.184174;9.150965;47.022144
2017-08-14;38.261570;59.060001;390.744202;9.269919;47.469509
2017-08-15;38.680450;59.689999;390.917664;9.210443;47.187477
2017-08-16;38.524868;60.290001;389.840515;9.176455;47.080505
2017-08-17;37.785248;59.290001;383.332031;9.040507;44.765862
2017-08-18;37.699078;59.439999;380.237610;8.972536;44.299046
2017-08-21;37.629669;59.400002;379.160492;8.981031;44.454647
2017-08-22;38.244816;60.840000;384.637421;9.049005;44.162891
2017-08-23;38.292686;60.049999;381.625061;9.099985;42.762440
2017-08-24;38.122749;60.000000;379.680756;9.099985;41.741268
2017-08-25;38.263977;59.970001;380.073242;9.193448;44.007286
2017-08-28;38.649326;60.529999;378.220215;9.167959;43.715527
2017-08-29;38.994011;61.009998;378.028534;9.210443;43.336231
2017-08-30;39.099335;61.770000;379.918060;9.295408;43.102821
2017-08-31;39.254917;61.680000;384.794525;9.371881;43.511295
2017-09-01;39.266884;61.459999;387.338257;9.643774;44.065636
2017-09-05;38.795345;61.270000;379.872162;9.652271;42.713814
2017-09-06;38.754650;61.240002;378.531403;9.771225;43.093102
2017-09-07;38.599068;62.000000;380.423187;9.686256;42.636009
2017-09-08;37.969559;61.130001;381.984375;9.652271;42.402599
2017-09-11;38.656517;62.639999;389.413696;9.694755;44.600533
2017-09-12;38.503326;62.560001;393.573792;9.847696;45.018723
2017-09-13;38.213703;62.040001;390.772888;9.873184;45.709225
2017-09-14;37.885780;62.240002;390.929016;9.822205;44.921474
2017-09-15;38.268757;62.500000;393.711609;9.873184;44.736687
2017-09-18;37.979126;62.919998;394.372772;9.881683;44.065636
2017-09-19;37.993488;63.830002;397.081909;9.958153;43.161186
2017-09-20;37.356792;64.739998;398.624695;9.949656;44.172607
2017-09-21;36.715305;64.629997;398.220673;9.958153;45.018723
2017-09-22;36.356277;65.080002;399.928741;10.060114;45.767578
2017-09-25;36.035534;63.500000;401.894043;10.145080;46.390007
2017-09-26;36.655476;62.939999;398.927734;10.136583;46.273296
2017-09-27;36.916378;63.330002;402.601135;10.153578;45.563339
2017-09-28;36.688988;63.930000;409.681519;10.162074;46.185772
2017-09-29;36.890041;64.029999;410.581512;10.170570;46.185772
2017-10-02;36.815842;64.180000;413.208008;10.272532;46.419174
2017-10-03;36.976215;64.220001;413.979370;10.484950;49.122822
2017-10-04;36.736858;64.010002;420.517944;10.450964;49.336784
2017-10-05;37.194031;65.820000;426.505585;10.408480;49.171459
2017-10-06;37.172482;66.050003;425.394379;10.459460;49.891129
2017-10-09;37.301739;66.230003;424.687225;10.484950;49.210358
2017-10-10;37.316097;66.040001;427.479004;10.527433;51.573627
2017-10-11;37.471695;67.779999;435.229797;10.518936;51.379108
2017-10-12;37.340038;68.860001;441.345947;10.298023;51.204060
2017-10-13;37.577011;68.660004;436.662445;10.238545;51.252682
2017-10-16;38.268757;67.309998;438.930756;10.298023;50.834488
2017-10-17;38.409981;66.669998;436.717560;10.425473;50.639996
2017-10-18;38.240032;67.260002;438.508301;10.357498;50.601082
2017-10-19;37.335255;67.250000;437.856323;10.391485;50.095364
2017-10-20;37.399876;70.970001;437.700165;10.408689;50.503826
2017-10-23;37.380730;69.800003;435.652191;10.357078;49.579914
2017-10-24;37.603333;70.209999;435.036987;10.486110;50.523281
2017-10-25;37.438175;71.019997;430.840149;10.357078;49.618820
2017-10-26;37.677536;71.339996;434.816589;10.554929;47.275002
2017-10-27;39.027523;71.059998;436.331848;10.374282;46.253845
2017-10-30;39.905975;71.150002;433.723694;10.408689;45.952354
2017-10-31;40.461285;72.559998;432.382965;10.554929;45.534168
2017-11-01;39.946659;72.379997;430.968658;10.623746;46.526157
2017-11-02;40.238678;72.250000;436.138947;10.683961;46.059338
2017-11-03;41.289471;73.389999;439.986816;10.632349;46.146866
2017-11-06;41.708344;74.739998;436.772552;10.606541;46.205212
2017-11-07;41.842384;74.410004;434.715576;10.460303;45.184052
2017-11-08;42.184669;74.769997;433.641083;10.374282;45.096523
2017-11-09;42.098503;74.099998;428.498322;10.357078;44.513004
2017-11-10;41.959171;73.989998;427.791260;10.331271;44.659203
2017-11-13;41.791023;74.029999;427.130066;10.460303;44.581234
2017-11-14;41.159245;74.489998;432.034058;10.339873;44.649452
2017-11-15;40.616352;73.430000;432.079895;10.322669;45.994492
2017-11-16;41.101593;77.699997;435.312469;10.357078;46.472088
2017-11-17;40.873390;76.379997;435.284851;10.331271;46.189426
2017-11-20;40.832546;76.010002;436.001221;10.434497;46.481831
2017-11-21;41.591640;77.769997;442.053070;10.425896;47.417511
2017-11-22;42.028839;77.570000;439.830719;10.382884;47.427250
2017-11-24;42.031242;78.570000;440.565369;10.408689;47.329792
2017-11-27;41.819843;77.839996;442.604034;10.417291;47.193333
2017-11-28;41.574829;77.790001;452.797729;10.503314;47.973068
2017-11-29;40.712433;73.250000;459.924042;10.804394;48.002308
2017-11-30;41.281757;75.730003;460.263824;10.769984;49.210892
2017-12-01;41.089584;75.300003;463.392548;10.821597;47.758644
2017-12-04;40.789307;70.970001;473.932678;10.864608;48.665089
2017-12-05;40.750870;71.199997;472.658966;10.692563;48.216732
2017-12-06;40.599529;73.139999;472.382111;10.649552;48.353184
2017-12-07;40.674004;73.690002;472.926636;10.778586;49.591007
2017-12-08;40.686008;72.910004;475.769318;10.847403;49.727470
2017-12-11;41.478737;73.290001;472.668213;10.821597;50.000374
2017-12-12;41.245724;73.620003;477.836700;10.838800;49.191406
2017-12-13;41.382652;74.089996;473.055847;10.864608;48.821030
2017-12-14;41.370640;74.260002;467.702789;10.718369;48.937988
2017-12-15;41.791023;75.650002;472.428284;10.821597;49.766453
2017-12-18;42.379566;75.320000;478.879578;10.890413;50.185558
2017-12-19;41.927948;74.500000;476.073853;10.916221;50.136829
2017-12-20;41.882305;74.000000;474.901733;10.942027;50.604664
2017-12-21;42.040852;74.019997;474.015747;10.864608;51.452625
2017-12-22;42.040852;73.889999;472.658966;10.821597;51.257690
2017-12-26;40.974274;74.269997;474.135651;10.838800;51.511105
2017-12-27;40.981483;74.589996;474.689453;10.752779;51.072510
2017-12-28;41.096786;74.169998;478.067383;10.821597;51.130981
2017-12-29;40.652374;73.620003;474.126526;10.744176;50.711876
2018-01-02;41.380238;73.839996;469.751709;10.890413;51.647556
2018-01-03;41.373032;76.750000;474.707947;10.976439;51.014027
2018-01-04;41.565216;76.730003;480.974701;11.165686;51.335667
2018-01-05;42.038452;78.699997;485.072662;11.354935;51.316177
2018-01-08;41.882305;79.050003;488.690521;11.311922;50.809345
2018-01-09;41.877506;79.190002;492.797668;11.251708;50.760616
2018-01-10;41.867889;79.370003;490.610291;11.208695;52.417542
2018-01-11;42.105709;79.750000;496.470978;11.320525;54.990665
2018-01-12;42.540501;80.540001;512.724060;11.380741;56.988728
2018-01-16;42.324310;80.419998;519.618469;11.268913;56.511139
2018-01-17;43.023350;82.470001;532.087402;10.477509;56.686577
2018-01-18;43.061787;82.940002;534.588562;10.382884;56.862022
2018-01-19;42.869610;83.839996;544.778015;10.322669;56.589123
2018-01-22;42.518894;83.980003;547.546875;10.339873;56.628101
2018-01-23;42.528496;84.209999;544.242554;10.288259;56.813286
2018-01-24;41.851074;83.709999;542.387512;10.365680;53.401958
2018-01-25;41.103992;84.339996;531.155212;9.952772;51.706036
2018-01-26;41.200081;85.449997;541.584473;10.021590;51.725533
2018-01-29;40.347298;84.309998;530.158508;9.801238;51.345413
2018-01-30;40.109482;83.779999;518.963135;9.748354;51.257690
2018-01-31;40.219990;85.320000;518.510986;9.669026;52.943863
2018-02-01;40.304066;78.400002;521.639709;9.624957;52.515015
2018-02-02;38.555264;76.570000;506.069519;9.439862;50.780106
2018-02-05;37.591980;74.705002;484.518890;9.025600;48.592651
2018-02-06;39.163017;75.680000;493.978943;9.483932;49.979340
2018-02-07;38.324650;75.589996;491.247162;9.483932;50.194183
2018-02-08;37.270084;72.320000;470.130127;9.193069;47.459862
2018-02-09;37.725952;74.750000;481.325500;9.281209;47.225498
2018-02-12;39.245506;75.279999;484.897278;9.431047;48.914917
2018-02-13;39.638657;74.970001;481.103912;9.334092;49.676613
2018-02-14;40.369492;77.269997;498.335327;9.466303;49.871922
2018-02-15;41.725037;78.294998;498.990601;9.483932;50.457844
2018-02-16;41.589962;78.370003;499.405945;9.351720;50.369961
2018-02-20;41.450069;77.059998;500.790375;9.369350;50.506680
2018-02-21;41.261936;76.510002;501.676361;9.342908;51.541805
2018-02-22;41.606850;77.699997;497.957001;9.369350;51.737114
2018-02-23;42.330452;79.690002;507.389435;9.431047;52.137501
2018-02-26;43.167404;79.349998;520.513733;9.598516;53.709732
2018-02-27;43.027515;79.459999;510.176819;9.351720;52.987091
2018-02-28;42.962379;79.410004;507.094055;9.351720;52.977322
2018-03-01;42.209846;78.639999;494.311371;9.069672;52.225388
2018-03-02;42.501698;78.870003;496.157104;9.166625;51.932419
2018-03-05;42.648827;79.070000;503.245422;9.325278;51.942188
2018-03-06;42.612656;79.230003;509.072205;9.369350;52.313274
2018-03-07;42.217075;79.519997;507.930969;9.369350;52.840611
2018-03-08;42.677765;79.870003;513.461060;9.351720;53.504654
2018-03-09;43.411015;80.709999;535.534424;9.457488;54.754623
2018-03-12;43.830696;80.599998;530.533325;9.528003;55.174538
2018-03-13;43.408604;80.199997;523.361206;9.501560;54.910870
2018-03-14;43.039566;83.309998;518.629150;9.713098;53.983154
2018-03-15;43.090221;82.570000;517.673401;9.757168;53.875736
2018-03-16;42.938263;82.160004;522.989929;9.827681;54.100346
2018-03-19;42.282200;80.300003;513.869263;9.704285;53.338638
2018-03-20;42.267731;80.860001;517.293030;9.686653;54.022221
2018-03-21;41.310173;81.040001;523.453796;9.783608;52.821072
2018-03-22;40.726467;78.559998;500.498962;9.475119;51.082836
2018-03-23;39.783379;76.440002;483.528656;9.307652;49.813328
2018-03-26;41.671970;78.949997;501.705170;9.545631;50.643394
2018-03-27;40.603455;76.309998;493.716370;9.545631;49.705917
2018-03-28;40.154827;75.059998;489.930847;9.572072;49.657082
2018-03-29;40.468391;75.870003;502.633057;9.765981;50.741039
2018-04-02;40.203072;75.000000;481.552338;9.572072;48.612186
2018-04-03;40.615520;74.559998;490.580292;9.827681;50.262543
2018-04-04;41.392178;74.779999;497.613342;9.986334;50.819168
2018-04-05;41.679203;76.949997;499.552643;10.003963;50.916813
2018-04-06;40.613106;73.860001;482.405945;9.854123;49.110222
2018-04-09;41.015907;75.190002;483.538055;9.915821;48.651249
2018-04-10;41.787750;76.790001;495.432983;10.092102;46.346611
2018-04-11;41.592369;76.500000;487.407104;10.074474;44.334946
2018-04-12;42.002415;77.459999;494.551453;9.968706;45.477493
2018-04-13;42.144722;77.269997;486.906036;9.942263;44.793915
2018-04-16;42.407627;77.800003;486.980255;10.030404;45.311485
2018-04-17;42.991322;80.029999;488.826782;10.030404;44.676727
2018-04-18;42.894844;80.339996;485.467804;9.986334;46.639568
2018-04-19;41.679203;79.680000;487.175079;9.789824;45.780220
2018-04-20;39.971523;78.730003;486.581207;9.664770;45.682560
2018-04-23;39.855740;78.209999;482.340973;9.861280;45.584911
2018-04-24;39.300983;75.279999;476.634796;9.789824;44.618134
2018-04-25;39.472229;74.000000;475.261505;9.923807;44.188461
2018-04-26;39.609722;76.029999;485.003906;10.209641;41.376022
2018-04-27;39.151443;74.129997;486.794800;10.263235;42.381859
2018-04-30;39.860565;74.610001;483.871979;10.039927;41.922886
2018-05-01;40.786770;74.809998;480.596619;10.057794;42.342793
2018-05-02;42.588531;71.730003;477.646088;10.013129;41.249073
2018-05-03;42.665707;73.449997;474.751221;10.004200;41.122124
2018-05-04;44.339626;73.989998;482.851349;10.147115;41.854527
2018-05-07;44.660423;74.669998;485.820435;10.129251;41.541302
2018-05-08;44.875103;75.720001;482.415253;10.066726;42.089439
2018-05-09;45.191067;77.010002;493.011139;9.879146;40.621204
2018-05-10;45.837475;79.190002;497.567017;10.013129;41.149773
2018-05-11;45.663143;79.199997;501.436127;9.995266;41.697918
2018-05-14;45.556606;78.809998;500.814453;9.986335;41.560879
2018-05-15;45.142567;77.790001;494.737000;10.022063;42.275425
2018-05-16;45.563873;77.820000;495.377350;10.182844;43.126999
2018-05-17;45.275738;79.190002;496.936066;10.236438;42.706100
2018-05-18;45.111092;80.790001;499.636047;10.120317;42.461399
2018-05-21;45.430706;81.250000;504.265930;10.281099;43.342335
2018-05-22;45.316906;80.620003;507.420715;10.290033;41.971981
2018-05-23;45.607460;81.080002;503.505096;10.218573;41.893673
2018-05-24;45.556606;81.550003;501.807281;10.379354;42.637589
2018-05-25;45.660728;80.959999;500.675323;10.281099;43.958996
2018-05-29;45.496067;80.730003;486.432831;10.218573;42.666946
2018-05-30;45.399216;81.599998;495.739105;10.316831;42.383091
2018-05-31;45.246677;82.070000;495.683411;10.316831;42.618011
2018-06-01;46.062668;83.250000;500.164978;10.459747;43.068272
2018-06-04;46.447643;84.570000;501.658752;10.486544;43.910057
2018-06-05;46.805992;85.050003;495.822693;10.566935;43.244461
2018-06-06;46.968220;85.209999;514.815979;10.691988;43.254242
2018-06-07;46.842308;83.269997;512.278625;10.745580;42.911655
2018-06-08;46.416172;84.339996;512.530334;10.808107;42.197113
2018-06-11;46.302372;83.889999;512.203918;10.745580;43.224880
2018-06-12;46.556599;85.019997;510.384827;10.817039;42.490761
2018-06-13;46.174034;85.269997;496.447693;10.736650;42.011131
2018-06-14;46.198250;85.610001;488.229004;10.620530;42.167755
2018-06-15;45.723675;85.309998;489.311188;10.611596;41.864315
2018-06-18;45.699455;85.849998;492.128448;10.709852;41.541302
2018-06-19;44.960968;84.519997;491.260864;10.620530;40.631001
2018-06-20;45.157097;85.949997;491.232941;10.602664;41.139980
2018-06-21;44.905289;85.970001;489.740295;10.459747;40.611423
2018-06-22;44.774529;85.120003;487.650635;10.406152;40.474384
2018-06-25;44.108677;82.190002;480.560852;10.272168;38.839748
2018-06-26;44.655884;82.320000;476.558777;10.290033;38.262241
2018-06-27;44.590508;80.669998;469.730164;10.200710;37.449818
2018-06-28;44.914970;82.480003;468.088257;10.075657;37.391087
2018-06-29;44.820538;83.269997;465.541504;9.888079;37.156174
2018-07-02;45.321751;83.889999;465.989349;9.914875;37.547703
2018-07-03;44.532402;83.269997;458.311768;9.816618;36.950615
2018-07-05;44.890747;84.589996;458.955444;9.870214;37.185535
2018-07-06;45.513023;85.940002;458.684906;9.879146;37.283417
2018-07-09;46.144978;86.230003;470.261902;10.004200;38.477585
2018-07-10;46.089294;86.169998;471.036194;10.048861;38.291603
2018-07-11;45.491234;86.250000;469.142426;9.888079;35.198521
2018-07-12;46.253941;89.129997;472.659393;9.870214;35.560692
2018-07-13;46.326584;87.989998;473.051117;9.807687;36.333954
2018-07-16;46.224888;87.769997;470.131317;9.691567;36.490562
2018-07-17;46.355640;88.580002;470.989502;9.700499;36.588451
2018-07-18;46.101398;88.220001;476.558777;9.709430;37.557487
2018-07-19;46.459751;87.379997;470.998871;9.664770;37.322571
2018-07-20;46.353214;87.470001;469.030518;9.565134;37.077866
2018-07-23;46.394367;89.239998;474.375824;9.483612;37.234474
2018-07-24;46.730930;91.410004;474.730347;9.574190;36.656971
2018-07-25;47.171604;91.370003;478.088684;9.528902;37.381298
2018-07-26;47.023903;89.139999;471.204071;8.958256;39.172543
2018-07-27;46.241833;85.459999;469.161102;8.994487;38.849537
2018-07-30;45.982750;82.389999;466.604980;9.121297;38.144783
2018-07-31;46.074760;82.139999;469.011810;9.094123;38.702713
2018-08-01;48.789028;83.459999;447.266479;8.967312;37.332352
2018-08-02;50.215172;85.529999;443.404449;8.985428;37.126804
2018-08-03;50.360447;85.190002;450.018494;9.094123;37.606434
2018-08-06;50.621956;85.769997;451.007355;9.085064;37.694752
2018-08-07;50.147373;86.300003;454.738892;9.130355;37.547546
2018-08-08;50.181278;86.739998;454.356384;9.103181;37.665310
2018-08-09;50.575943;87.169998;451.604401;8.976371;37.213875
2018-08-10;50.425297;87.010002;446.800110;8.822386;36.566166
2018-08-13;50.750893;87.010002;443.479095;8.568765;36.104919
2018-08-14;50.964718;87.730003;445.176941;8.604998;36.399330
2018-08-15;51.083775;85.190002;439.215881;8.559706;36.742809
2018-08-16;51.832146;85.320000;442.751434;8.614056;37.449406
2018-08-17;52.867237;85.449997;442.322327;8.650288;37.086296
2018-08-20;52.352116;85.750000;443.637604;8.804271;39.245338
2018-08-21;52.250061;86.220001;443.049988;8.931081;39.578999
2018-08-22;52.252495;86.949997;445.932587;8.777096;38.460224
2018-08-23;52.359406;87.379997;438.880005;8.722750;38.106937
2018-08-24;52.522209;90.099998;445.456757;8.768039;38.097118
2018-08-27;52.954708;89.970001;451.147247;9.048834;38.784088
2018-08-28;53.382347;90.610001;450.904785;9.066948;39.932289
2018-08-29;54.179314;92.620003;452.649170;9.030718;39.745834
2018-08-30;54.677422;92.089996;443.367096;8.786155;39.647697
2018-08-31;55.309166;92.330002;446.902710;8.586881;39.726204
2018-09-04;55.486542;93.070000;443.842896;8.577824;40.010807
2018-09-05;55.124504;89.050003;446.137756;8.595939;38.931290
2018-09-06;54.208473;89.000000;443.179840;8.541593;37.763451
2018-09-07;53.771114;88.820000;442.691559;8.396666;37.714378
2018-09-10;53.049461;89.800003;444.860687;8.496303;38.695759
2018-09-11;54.390709;91.430000;442.400482;8.432898;39.431789
2018-09-12;53.715229;92.400002;441.348785;8.460072;38.528919
2018-09-13;55.012730;92.190002;440.381592;8.487244;38.744823
2018-09-14;54.388279;90.779999;447.029877;8.559706;38.999989
2018-09-17;52.940132;88.680000;442.184509;8.650288;39.569183
2018-09-18;53.027596;89.720001;443.405243;8.677460;40.030434
2018-09-19;53.059189;89.309998;454.053680;8.858618;40.825348
2018-09-20;53.462528;90.599998;457.434204;8.885792;41.109947
2018-09-21;52.886673;90.620003;457.875519;8.922024;42.788105
2018-09-24;53.647190;89.620003;452.673309;8.686519;41.198277
2018-09-25;53.987362;90.040001;449.875031;8.505360;40.050060
2018-09-26;53.557297;89.849998;445.874817;8.396666;40.275780
2018-09-27;54.657978;88.989998;448.748199;8.360434;40.727211
2018-09-28;54.849937;87.839996;442.588257;8.378550;40.560383
2018-10-01;55.219261;87.550003;444.597748;8.441955;38.872402
2018-10-02;55.710079;86.680000;448.109741;8.333261;37.783073
2018-10-03;56.387985;87.150002;445.442871;8.269855;38.077488
2018-10-04;55.396641;84.339996;445.236328;8.287971;37.213875
2018-10-05;54.497620;83.180000;442.146851;8.260797;35.761436
2018-10-08;54.371277;80.550003;442.710358;8.387608;35.231495
2018-10-09;55.124504;80.029999;431.676819;8.106812;32.925251
2018-10-10;52.570805;75.449997;400.736115;7.989059;31.021378
2018-10-11;52.106712;75.900002;392.209869;7.980003;30.687708
2018-10-12;53.967926;79.029999;401.618866;7.826019;30.334414
2018-10-15;52.813778;77.230003;400.905151;7.980003;31.188215
2018-10-16;53.977646;80.610001;383.120148;7.970944;32.660275
2018-10-17;53.744381;80.089996;386.735321;7.934714;32.944885
2018-10-18;52.488186;77.480003;375.485901;7.708267;31.462999
2018-10-19;53.287582;84.779999;377.157379;7.699208;31.443371
2018-10-22;53.613182;85.430000;368.433868;7.754531;31.561134
2018-10-23;54.118568;87.570000;363.860809;7.920503;31.777042
2018-10-24;52.262215;83.089996;355.569336;7.542458;29.775028
2018-10-25;53.406643;85.959999;368.058289;8.289328;31.767223
2018-10-26;52.556217;83.370003;363.334961;8.280106;31.855549
2018-10-29;51.569733;81.150002;366.828156;8.556725;31.992941
2018-10-30;51.827282;80.900002;379.204407;8.722695;34.014580
2018-10-31;53.178249;84.190002;386.331604;8.805681;34.426765
2018-11-01;53.994656;85.040001;387.805786;8.565945;35.692741
2018-11-02;50.413158;83.510002;384.772797;8.648931;35.653492
2018-11-05;48.982002;84.050003;385.937256;8.787239;35.151604
2018-11-06;49.511700;84.690002;388.218933;8.796461;34.610352
2018-11-07;51.013309;88.230003;398.829926;8.851785;36.381710
2018-11-08;50.835320;89.040001;395.693634;8.722695;36.273464
2018-11-09;49.855137;86.760002;388.707336;8.648931;35.643646
2018-11-12;47.343723;83.779999;380.697510;8.750357;36.273464
2018-11-13;46.870705;83.779999;382.472260;8.796461;37.178822
2018-11-14;45.546726;84.050003;377.467316;8.796461;37.503567
2018-11-15;46.670769;86.739998;382.068451;8.584388;37.218185
2018-11-16;47.187675;85.059998;385.937256;8.344650;36.165215
2018-11-19;45.317532;80.129997;382.913513;8.529062;35.250008
2018-11-20;43.152348;77.760002;378.349884;8.353872;35.023674
2018-11-21;43.103588;79.120003;382.763306;8.399974;35.732208
2018-11-23;42.008812;77.949997;381.814880;8.418415;37.346115
2018-11-26;42.576923;80.860001;392.970428;8.667371;37.493725
2018-11-27;42.484268;81.970001;391.721558;8.556725;37.680706
2018-11-28;44.117905;85.980003;401.215027;8.676593;38.320358
2018-11-29;43.778992;84.260002;397.149109;8.639710;37.808640
2018-11-30;43.542480;85.809998;401.909943;8.676593;39.520947
2018-12-03;45.063950;87.980003;408.351593;8.851785;39.019066
2018-12-04;43.081646;84.190002;383.824432;8.464518;36.106163
2018-12-06;42.601311;85.820000;378.723999;8.316989;36.352184
2018-12-07;41.082272;82.769997;371.977112;8.132576;33.035812
2018-12-10;41.352917;84.930000;372.128571;7.855958;33.301517
2018-12-11;41.116405;85.510002;364.936920;7.874399;33.557377
2018-12-12;41.231007;86.500000;369.109924;7.966605;33.803402
2018-12-13;41.682083;87.559998;366.460419;7.837517;31.943476
2018-12-14;40.348351;85.919998;361.757446;7.855958;31.894270
2018-12-17;39.972862;84.099998;357.925079;7.837517;31.530161
2018-12-18;40.492210;85.510002;362.751068;7.809855;33.006290
2018-12-19;39.229183;84.029999;352.190704;7.671545;31.904110
2018-12-20;38.239254;82.440002;351.698669;7.616223;31.382545
2018-12-21;36.751911;78.139999;349.323547;7.422589;30.290211
2018-12-24;35.800995;77.059998;342.330597;7.035324;29.247076
2018-12-26;38.322155;82.800003;360.744965;7.238178;31.776180
2018-12-27;38.073456;84.309998;366.961945;7.238178;31.530161
2018-12-28;38.092960;83.260002;367.368805;7.201295;31.323498
2018-12-31;38.461140;84.089996;371.712189;7.053765;31.599045
2019-01-02;38.505024;85.750000;368.494873;7.284280;31.963160
2019-01-03;34.669640;82.089996;357.669617;7.173633;29.581665
2019-01-04;36.149662;86.269997;370.765961;7.450252;31.530161
2019-01-07;36.069202;86.930000;371.797333;7.643884;32.425678
2019-01-08;36.756794;88.699997;376.528687;7.717649;31.904110
2019-01-09;37.380985;89.550003;378.686127;8.040372;32.888199
2019-01-10;37.500465;90.699997;378.033264;7.994267;31.530161
2019-01-11;37.132290;90.650002;376.528687;8.132576;31.293980
2019-01-14;36.573921;90.430000;375.118713;8.289328;31.205410
2019-01-15;37.322472;91.599998;379.178223;8.151017;31.589205
2019-01-16;37.778423;90.550003;390.845673;7.643884;32.317429
2019-01-17;38.002739;90.400002;390.353607;7.708428;33.045654
2019-01-18;38.236813;91.120003;396.911224;7.911282;33.429451
2019-01-22;37.378555;89.940002;391.375641;7.837517;32.219025
2019-01-23;37.529724;90.500000;386.530701;7.689988;31.146364
2019-01-24;37.232254;92.199997;384.713867;7.929724;33.124386
2019-01-25;38.466007;94.279999;387.921722;8.169458;34.423378
2019-01-28;38.110027;92.300003;383.578278;7.985046;35.988075
2019-01-29;37.715031;91.120003;385.716919;8.077253;35.712532
2019-01-30;40.292267;92.419998;386.388733;8.171064;35.761734
2019-01-31;40.582428;88.760002;392.776062;8.255496;35.200806
2019-02-01;40.601936;90.010002;394.413116;8.180448;35.535397
2019-02-04;41.755226;91.660004;395.520203;8.161684;36.194733
2019-02-05;42.469643;92.269997;395.122772;8.208590;36.441425
2019-02-06;42.484268;92.250000;394.015747;8.180448;36.273670
2019-02-07;41.679646;90.849998;392.709839;7.795816;35.691479
2019-02-08;41.728615;91.870003;389.634430;7.870865;35.523724
2019-02-11;41.488640;92.690002;390.523987;7.814578;36.105923
2019-02-12;41.846161;94.379997;402.645599;7.936534;35.277035
2019-02-13;41.672295;94.010002;404.481384;7.889627;35.730949
2019-02-14;41.824120;94.419998;400.630035;7.899010;35.632275
2019-02-15;41.731060;94.910004;408.739594;8.011583;34.586296
2019-02-19;41.855953;95.019997;407.906891;8.283641;35.000740
2019-02-20;42.125313;94.730003;413.726410;8.386833;34.596169
2019-02-21;41.887783;94.959999;411.644531;8.171064;34.517223
2019-02-22;42.355495;95.980003;413.253326;8.171064;35.020477
2019-02-25;42.664028;96.699997;415.344482;8.217972;35.425056
2019-02-26;42.688511;96.589996;416.858521;8.330546;35.770420
2019-02-27;42.820747;97.860001;418.259003;8.236733;35.217827
2019-02-28;42.399570;98.070000;419.403961;8.227353;35.158627
2019-03-01;42.845234;98.800003;419.924438;8.246116;34.181717
2019-03-04;43.060719;96.570000;413.830444;8.264878;33.273895
2019-03-05;42.982357;96.529999;412.390747;8.227353;32.790375
2019-03-06;42.735043;96.459999;409.854553;8.049109;32.326591
2019-03-07;42.240398;96.209999;403.494965;7.955296;31.793739
2019-03-08;42.340797;95.690002;401.702454;7.899010;31.487839
2019-03-11;43.807579;97.449997;408.176422;8.077252;31.625986
2019-03-12;44.299774;97.500000;407.928558;8.039727;30.510935
2019-03-13;44.495667;99.309998;411.742401;8.002203;31.418764
2019-03-14;44.990303;99.029999;413.449097;7.889627;31.704927
2019-03-15;45.575550;100.730003;413.372833;7.908391;31.014191
2019-03-18;46.040817;100.269997;419.980286;8.039727;30.964848
2019-03-19;45.675953;101.540001;414.345367;8.161684;31.172075
2019-03-20;46.075096;102.309998;409.911774;7.983441;30.550406
2019-03-21;47.772057;104.150002;410.331268;8.152303;31.033924
2019-03-22;46.782772;101.269997;397.936310;8.011583;30.165567
2019-03-25;46.217113;101.550003;396.077026;7.983441;29.810328
2019-03-26;45.739620;103.150002;402.999176;8.217972;29.810328
2019-03-27;46.151005;103.070000;400.110168;8.086635;30.530672
2019-03-28;46.212219;103.860001;405.192108;8.227353;30.491201
2019-03-29;46.513416;103.839996;407.480438;8.236733;31.339823
2019-04-01;46.829304;105.550003;417.987579;8.424358;31.922018
2019-04-02;47.510036;105.230003;416.137878;8.452501;32.553551
2019-04-03;47.835732;104.690002;418.635925;8.565078;33.264023
2019-04-04;47.918972;104.459999;421.276978;8.668272;33.481117
2019-04-05;48.239758;105.730003;424.385284;8.677652;33.609398
2019-04-08;48.998871;106.570000;425.376892;8.724559;33.431778
2019-04-09;48.851940;106.930000;419.341431;8.640128;32.869320
2019-04-10;49.126194;107.510002;422.154175;8.752703;33.569927
2019-04-11;48.717262;106.459999;425.348297;8.808990;34.349472
2019-04-12;48.697666;108.480003;433.204834;8.865276;34.231064
2019-04-15;48.785820;108.139999;430.830658;8.752703;33.303497
2019-04-16;48.790722;108.199997;444.827484;8.780846;33.579788
2019-04-17;49.740826;108.809998;445.733276;8.912184;33.925163
2019-04-18;49.919586;107.360001;444.017029;8.959090;33.915291
2019-04-22;50.083645;106.809998;442.424744;8.912184;33.037071
2019-04-23;50.806026;106.900002;451.968903;9.055160;33.520588
2019-04-24;50.727665;107.220001;457.823151;9.121881;33.540325
2019-04-25;50.267300;110.220001;452.369385;8.959842;32.967995
2019-04-26;50.027325;110.559998;456.688507;9.922548;32.622623
2019-04-29;50.103237;112.440002;457.508484;9.836762;33.323235
2019-04-30;49.138439;112.769997;462.657196;9.960675;33.727802
2019-05-01;51.550426;110.940002;456.831543;9.817699;33.461376
2019-05-02;51.214951;109.699997;454.238129;9.855827;33.500854
2019-05-03;51.851620;111.959999;460.044678;9.922548;34.329735
2019-05-06;51.050892;110.849998;454.199982;9.884421;34.290264
2019-05-07;49.674709;108.949997;442.186340;9.893953;33.557953
2019-05-08;49.684498;109.070000;443.807251;9.855827;33.399609
2019-05-09;49.150684;109.730003;442.615448;9.722382;33.597534
2019-05-10;48.469784;110.410004;441.452209;9.893953;33.637119
2019-05-13;45.652740;106.830002;422.173248;9.608002;31.806326
2019-05-14;46.375435;109.089996;425.109894;9.760509;32.004253
2019-05-15;46.930973;111.500000;423.679718;9.874889;31.826118
2019-05-16;46.724491;113.870003;426.425720;9.913016;31.984455
2019-05-17;46.459011;112.800003;421.010010;9.808168;31.410477
2019-05-20;45.006248;112.150002;417.701508;9.798635;30.638575
2019-05-21;45.869057;112.430000;421.105408;9.760509;30.975046
2019-05-22;44.930046;112.470001;418.702667;9.503152;29.609373
2019-05-23;44.163101;109.900002;413.697021;9.388772;29.193733
2019-05-24;43.993488;109.849998;415.479950;9.369707;28.867161
2019-05-28;43.811584;111.790001;409.330170;9.322048;28.431726
2019-05-29;43.602642;110.080002;408.014374;9.255326;28.115049
2019-05-30;43.828793;111.410004;406.736725;9.283922;27.877542
2019-05-31;43.034817;109.750000;396.220001;9.074224;26.947298
2019-06-03;42.599720;105.519997;400.358032;9.160008;26.917612
2019-06-04;44.158184;108.730003;414.307190;9.455493;28.817678
2019-06-05;44.871044;110.769997;420.955658;9.322048;30.044806
2019-06-06;45.529827;111.779999;421.993286;9.293454;30.064596
2019-06-07;46.741699;114.019997;426.681702;9.302985;30.598989
2019-06-10;47.339031;115.620003;426.393524;9.360175;30.440653
2019-06-11;47.887196;114.599998;425.730560;9.455493;30.262520
2019-06-12;47.734787;114.500000;428.737762;9.388772;30.777124
2019-06-13;47.724957;115.720001;430.688080;9.588937;32.746464
2019-06-14;47.378368;116.169998;429.429535;9.512683;32.340721
2019-06-17;47.661045;117.160004;422.848328;9.579405;32.221966
2019-06-18;48.781967;115.980003;431.677704;9.627065;32.182381
2019-06-19;48.639389;117.139999;437.096405;9.569874;32.865219
2019-06-20;49.030235;118.790001;447.309235;9.569874;31.816221
2019-06-21;48.863079;116.209999;449.864838;9.522215;31.242243
2019-06-24;48.813919;116.500000;445.214722;9.484088;31.489649
2019-06-25;48.074020;114.440002;440.372498;9.379239;30.935461
2019-06-26;49.113811;114.150002;442.870483;9.445961;31.133385
2019-06-27;49.099064;113.669998;446.252380;9.722382;31.816221
2019-06-28;48.651680;114.459999;450.883179;9.750978;32.271446
2019-07-01;49.543983;115.029999;454.370758;9.674723;32.538643
2019-07-02;49.834049;116.169998;451.430847;9.646129;31.855806
2019-07-03;50.247021;117.680000;456.695831;9.722382;32.380306
2019-07-05;50.202774;117.160004;459.904724;9.722382;32.123005
2019-07-08;49.167892;116.949997;453.900024;9.722382;32.449574
2019-07-09;49.467785;118.370003;455.225800;9.665193;32.024044
2019-07-10;49.956955;119.639999;456.878357;9.636596;32.598019
2019-07-11;49.593155;120.650002;461.230591;9.712851;32.687084
2019-07-12;49.974163;120.120003;463.526794;9.998802;33.429298
2019-07-15;50.443680;120.900002;462.796661;9.932080;33.261063
2019-07-16;50.269142;119.709999;458.444427;10.017866;33.864731
2019-07-17;49.986462;118.809998;452.516510;9.846294;32.914696
2019-07-18;50.554291;119.870003;456.494019;9.779572;33.389717
2019-07-19;49.799641;118.629997;454.668610;9.722382;32.736568
2019-07-22;50.937756;118.690002;454.966431;9.693360;32.558437
2019-07-23;51.335976;120.220001;458.722961;9.838470;33.379818
2019-07-24;51.294189;121.300003;458.425140;9.993254;34.230892
2019-07-25;50.888599;115.120003;455.273895;9.248356;31.341204
2019-07-26;51.065586;115.489998;459.405151;9.258030;30.915668
2019-07-29;51.542461;111.449997;459.539642;9.287052;30.420858
2019-07-30;51.321232;112.040001;459.635681;9.238682;30.391171
2019-07-31;52.368397;110.400002;449.326752;9.219334;30.193247
2019-08-01;51.235191;110.800003;434.214050;9.006506;29.530205
2019-08-02;50.151157;107.089996;430.630463;8.977483;29.144255
2019-08-05;47.525852;103.599998;414.393707;8.929112;28.233805
2019-08-06;48.425529;105.029999;418.611359;9.170962;28.164288
2019-08-07;48.926994;106.629997;413.500153;9.219334;28.432425
2019-08-08;50.006123;106.790001;420.446411;9.248356;28.879318
2019-08-09;49.594051;104.820000;409.599487;9.141941;28.581390
2019-08-12;49.468208;102.720001;400.097595;8.987157;27.449257
2019-08-13;51.563107;106.040001;408.638763;8.958136;27.320154
2019-08-14;50.028328;103.269997;395.226563;8.706611;25.919884
2019-08-15;49.779110;104.949997;393.237793;8.571175;25.234646
2019-08-16;50.953636;106.160004;402.999084;8.667914;25.612024
2019-08-19;51.903625;107.669998;408.859711;8.735632;25.919884
2019-08-20;51.906090;107.370003;401.874969;8.667914;25.651749
2019-08-21;52.468678;109.820000;404.411438;8.745307;26.237675
2019-08-22;52.424263;108.769997;402.557159;8.745307;26.346918
2019-08-23;50.001186;106.040001;391.268219;8.484109;25.244576
2019-08-26;50.951172;107.660004;389.558136;8.532478;25.016165
2019-08-27;50.376244;107.449997;394.400330;8.474435;24.281271
2019-08-28;50.714291;107.470001;397.599640;8.706611;25.155199
2019-08-29;51.572975;109.209999;405.477844;8.822700;26.138367
2019-08-30;51.506355;109.050003;405.977417;8.871069;26.128435
2019-09-03;50.756233;106.750000;399.501923;8.803351;26.327055
2019-09-04;51.617390;108.730003;402.523499;8.900091;26.813673
2019-09-05;52.626595;111.459999;411.316925;9.035527;27.498913
2019-09-06;52.621658;110.050003;410.454956;9.035527;27.598223
2019-09-09;52.846199;105.430000;417.253510;9.229008;28.243738
2019-09-10;53.470470;103.050003;414.822693;9.112919;28.919044
2019-09-11;55.170570;104.019997;419.170990;9.112919;29.554626
2019-09-12;55.047195;107.099998;421.030426;9.103246;29.733385
2019-09-13;53.976303;107.000000;428.981323;9.141941;29.743317
2019-09-16;54.260071;106.519997;421.960083;8.996831;27.578360
2019-09-17;54.457470;107.500000;425.320618;8.977483;28.442356
2019-09-18;54.968235;105.599998;429.175018;8.948462;28.402632
2019-09-19;54.521626;106.120003;429.969147;8.803351;28.104702
2019-09-20;53.724625;104.639999;430.366211;8.871069;27.796841
2019-09-23;53.968906;105.110001;432.119080;8.861395;27.310223
2019-09-24;53.712284;103.690002;428.167847;8.813025;26.813673
2019-09-25;54.538898;104.139999;431.140930;8.900091;27.250637
2019-09-26;54.257603;104.550003;431.925354;8.842048;27.002363
2019-09-27;53.993587;102.199997;432.051270;8.784003;26.823605
2019-09-30;55.264339;103.589996;431.576782;8.861395;26.783880
2019-10-01;55.417320;102.529999;420.003876;8.609870;26.615053
2019-10-02;54.028126;99.730003;407.094513;8.329324;25.194923
2019-10-03;54.487080;101.029999;406.368195;8.426064;25.095612
2019-10-04;56.014454;102.790001;413.951080;8.455086;25.651749
2019-10-07;56.026794;101.620003;409.815857;8.397042;25.651749
2019-10-08;55.370438;99.330002;400.121735;8.261606;26.078779
2019-10-09;56.019390;99.889999;404.005219;8.280955;26.883190
2019-10-10;56.774445;100.540001;407.113861;8.338999;26.992432
2019-10-11;58.284546;101.580002;420.304108;8.493782;27.171190
2019-10-14;58.200645;101.750000;420.507446;8.532478;27.429396
2019-10-15;58.064941;103.589996;430.424316;8.774328;28.074911
2019-10-16;57.830528;103.089996;432.312775;8.774328;27.856426
2019-10-17;58.055065;103.629997;436.448029;8.813025;27.737255
2019-10-18;58.333900;101.220001;430.995697;8.987157;28.025253
2019-10-21;59.345562;101.440002;439.333954;8.878997;28.422495
2019-10-22;59.209858;97.360001;436.109039;8.918327;28.064978
2019-10-23;60.004383;96.639999;442.636383;9.055987;28.094772
2019-10-24;60.103081;104.910004;440.312103;8.456188;29.207041
2019-10-25;60.843334;107.190002;445.289886;8.574182;30.647036
2019-10-28;61.452797;106.599998;451.836548;8.466020;31.143585
2019-10-29;60.031528;105.000000;451.449158;8.495519;30.706621
2019-10-30;60.024124;106.500000;452.204590;8.397191;30.080971
2019-10-31;61.381241;104.099998;447.129944;8.446355;29.852554
2019-11-01;63.123295;104.980003;454.364227;8.741339;30.349104
2019-11-04;63.537827;102.809998;461.491943;8.849499;30.736416
2019-11-05;63.446533;100.989998;467.215454;8.869164;31.065199
2019-11-06;63.473675;100.629997;474.091400;8.770837;30.846008
2019-11-07;64.206245;100.470001;474.691833;8.741339;30.776266
2019-11-08;64.381958;101.419998;474.740234;8.888829;30.646746
2019-11-11;64.891792;102.669998;471.428162;8.928161;30.477371
2019-11-12;64.832382;102.029999;471.428162;8.888829;29.411310
2019-11-13;65.453590;102.120003;470.246674;8.662676;28.554476
2019-11-14;65.000694;103.730003;469.297577;8.643010;28.664072
2019-11-15;65.772850;104.199997;475.466553;8.800335;28.753740
2019-11-18;66.104492;103.660004;476.221924;8.800335;28.494698
2019-11-19;65.904015;104.949997;477.248474;8.751170;29.182158
2019-11-20;65.136803;104.089996;473.384399;8.584013;28.126060
2019-11-21;64.844772;102.550003;469.675262;8.564348;27.827166
2019-11-22;64.787834;101.769997;469.694641;8.741339;28.574404
2019-11-25;65.923813;104.449997;476.338165;8.849499;28.883261
2019-11-26;65.409035;106.199997;475.398773;8.859331;28.943041
2019-11-27;66.287636;107.750000;478.614044;8.947826;28.843410
2019-11-29;66.141602;108.010002;479.291901;8.908496;28.634182
2019-12-02;65.376869;106.209999;474.246368;8.859331;27.976612
2019-12-03;64.211189;105.589996;470.430664;8.741339;27.189522
2019-12-04;64.777939;105.000000;471.331329;8.800335;27.279188
2019-12-05;65.728294;104.589996;478.068939;8.780669;27.139706
2019-12-06;66.997925;104.339996;483.392761;8.869164;27.627901
2019-12-09;66.059944;103.779999;484.670074;8.859331;27.388784
2019-12-10;66.446022;103.620003;481.705902;8.918327;26.900589
2019-12-11;67.012764;105.510002;481.588898;8.957659;26.761105
2019-12-12;67.183548;105.669998;489.594086;9.164147;27.617937
2019-12-13;68.096771;107.650002;486.171631;9.075652;27.378820
2019-12-16;69.262459;109.570000;489.525818;9.232977;27.817202
2019-12-17;69.398575;108.459999;489.759857;9.232977;28.175877
2019-12-18;69.232750;107.830002;487.029724;9.380468;27.896908
2019-12-19;69.302048;108.879997;489.808624;9.252643;28.444881
2019-12-20;69.158508;108.750000;487.127167;9.321471;28.933079
2019-12-23;70.287064;108.610001;487.195465;9.282141;29.192120
2019-12-24;70.353882;108.690002;487.175964;9.311640;29.072563
2019-12-26;71.749733;109.750000;490.686127;9.291973;29.560759
2019-12-27;71.722488;109.400002;490.461884;9.203478;28.335287
2019-12-30;72.148178;107.970001;488.346039;9.095318;28.195801
2019-12-31;72.675339;108.169998;490.159637;9.144482;28.574404
2020-01-02;74.333511;110.750000;496.282990;9.262475;28.982893
2020-01-03;73.610840;108.760002;491.007904;9.055987;27.548195
2020-01-06;74.197395;110.169998;491.427185;9.006823;27.219410
2020-01-07;73.848442;109.669998;494.566864;9.095318;27.119778
2020-01-08;75.036385;111.820000;494.449860;9.095318;27.737495
2020-01-09;76.630219;112.570000;500.300140;9.105151;27.847092
2020-01-10;76.803459;112.930000;499.403107;9.095318;27.219410
2020-01-13;78.444321;115.279999;510.060455;9.085485;27.289152
2020-01-14;77.385063;114.639999;505.389954;9.134649;27.428638
2020-01-15;77.053429;114.849998;517.032104;9.036321;27.478453
2020-01-16;78.018631;115.400002;521.653809;9.016656;28.126060
2020-01-17;78.882370;116.040001;521.887878;9.006823;28.295433
2020-01-21;78.347801;116.150002;515.940002;9.055987;27.099854
2020-01-22;78.627464;115.500000;523.467407;9.006823;27.219410
2020-01-23;79.006119;117.889999;528.420715;8.987158;28.693960
2020-01-24;78.778435;116.980003;523.447937;8.849499;27.538231
2020-01-27;76.461929;115.239998;510.743011;8.741339;26.013866
2020-01-28;78.624992;116.519997;516.749329;8.820001;26.800957
2020-01-29;80.270790;116.660004;523.106689;8.860000;26.701324
2020-01-30;80.154472;117.120003;526.226929;8.840000;27.617937
2020-01-31;76.600517;113.889999;514.194702;8.820000;26.741179
2020-02-03;76.390160;116.510002;516.856628;8.980000;27.059999
2020-02-04;78.912079;120.080002;521.887878;9.180000;28.430000
2020-02-05;79.555550;119.720001;529.922241;8.310000;29.100000
2020-02-06;80.486107;119.889999;540.833191;8.250000;28.299999
2020-02-07;79.392090;118.879997;541.876465;8.110000;28.379999
2020-02-10;79.769165;120.059998;547.102783;8.060000;28.790001
2020-02-11;79.287888;118.839996;556.209839;8.100000;29.840000
2020-02-12;81.170799;118.559998;558.198853;8.240000;30.469999
2020-02-13;80.592773;120.510002;554.366943;8.250000;30.090000
2020-02-14;80.612625;122.989998;551.822021;8.100000;29.200001
2020-02-18;79.136566;122.269997;550.720215;8.060000;28.629999
2020-02-19;80.282684;123.910004;557.799133;8.000000;28.330000
2020-02-20;79.459068;122.430000;552.777527;8.030000;28.510000
2020-02-21;77.660507;119.489998;543.105042;7.890000;27.820000
2020-02-24;73.971603;116.440002;514.828491;7.570000;25.450001
2020-02-25;71.466019;109.660004;493.377289;7.230000;23.120001
2020-02-26;72.599739;109.110001;495.785706;7.210000;22.309999
2020-02-27;67.854019;107.839996;463.950134;6.970000;20.600000
2020-02-28;67.814331;107.989998;451.459717;6.960000;19.049999
2020-03-02;74.127892;112.860001;475.767792;7.200000;18.860001
2020-03-03;71.773636;109.760002;470.044250;6.970000;17.850000
2020-03-04;75.102829;115.300003;486.618225;7.080000;18.530001
2020-03-05;72.666725;112.180000;464.179016;6.740000;16.040001
2020-03-06;71.701706;110.889999;442.506134;6.490000;15.970000
2020-03-09;66.030655;101.629997;411.657135;5.900000;14.750000
2020-03-10;70.786301;109.739998;450.945404;6.260000;17.000000
2020-03-11;68.327858;103.900002;423.407288;5.900000;16.260000
2020-03-12;61.580158;96.959999;379.442535;5.350000;13.450000
2020-03-13;68.957970;110.150002;406.518921;5.630000;14.310000
2020-03-16;60.086731;92.720001;351.010376;5.010000;15.920000
2020-03-17;62.728752;97.870003;379.973083;5.010000;15.580000
2020-03-18;61.193157;91.459999;366.808197;4.500000;11.650000
2020-03-19;60.724293;93.690002;390.387024;4.470000;10.290000
2020-03-20;56.869179;86.680000;348.495300;4.330000;10.380000
2020-03-23;55.661041;85.260002;321.674377;4.010000;10.250000
2020-03-24;61.245258;97.290001;365.177338;4.950000;13.920000
2020-03-25;60.907871;95.709999;394.336517;5.390000;15.390000
2020-03-26;64.113029;100.629997;443.969971;5.250000;15.660000
2020-03-27;61.458603;93.480003;426.718140;5.190000;14.040000
2020-03-30;63.212502;97.029999;447.359467;5.030000;12.250000
2020-03-31;63.083504;95.739998;432.249329;4.830000;12.190000
2020-04-01;59.764240;91.379997;402.353333;4.400000;10.690000
2020-04-02;60.761501;93.519997;419.045166;4.360000;10.060000
2020-04-03;59.888275;92.389999;410.733643;4.240000;9.390000
2020-04-06;65.112770;101.669998;441.631744;4.530000;9.500000
2020-04-07;64.358627;100.279999;435.344055;4.710000;10.220000
2020-04-08;66.005852;105.059998;443.056274;5.030000;11.330000
2020-04-09;66.482155;105.839996;463.147461;5.370000;12.510000
2020-04-13;67.787041;105.980003;444.451416;5.160000;11.560000
2020-04-14;71.210495;109.785004;449.992401;5.290000;11.950000
2020-04-15;70.560539;107.949997;435.294952;5.030000;12.290000
2020-04-16;71.121201;108.309998;450.935547;4.940000;11.070000
2020-04-17;70.156174;111.849998;468.501770;5.120000;11.570000
2020-04-20;68.699974;112.169998;462.538330;4.980000;11.060000
2020-04-21;66.576424;107.540001;466.045654;4.770000;11.000000
2020-04-22;68.494064;115.190002;472.559326;4.770000;10.270000
2020-04-23;68.228622;115.239998;462.931335;4.890000;10.250000
2020-04-24;70.198349;120.180000;466.802185;4.870000;10.310000
2020-04-27;70.247971;120.529999;487.934723;5.170000;10.020000
2020-04-28;69.109299;116.139999;489.035004;5.380000;11.260000
2020-04-29;71.379196;123.580002;502.416046;5.260000;12.630000
2020-04-30;72.885025;123.000000;493.230133;5.090000;12.010000
2020-05-01;71.711632;120.610001;475.663879;4.920000;10.640000
2020-05-04;72.726265;123.660004;473.060394;4.860000;9.820000
2020-05-05;73.817802;125.430000;476.970520;4.970000;9.510000
2020-05-06;74.579391;128.309998;474.917206;4.870000;9.250000
2020-05-07;75.350914;146.289993;488.661743;4.870000;9.540000
2020-05-08;77.144394;144.960007;490.027313;5.240000;10.140000
2020-05-11;78.358284;143.960007;484.456787;5.120000;10.100000
2020-05-12;77.462791;141.029999;446.465424;4.980000;9.650000
2020-05-13;76.527496;143.729996;477.275085;4.720000;9.110000
2020-05-14;76.997635;144.410004;489.457520;4.890000;9.150000
2020-05-15;76.542412;145.509995;504.714935;4.900000;9.040000
2020-05-18;78.345848;146.240005;507.367554;5.310000;9.870000
2020-05-19;77.893127;145.389999;492.404846;5.300000;9.640000
2020-05-20;79.408005;150.940002;499.812531;5.490000;9.870000
2020-05-21;78.815979;148.220001;499.586578;5.630000;9.890000
2020-05-22;79.323433;150.860001;504.292511;5.650000;9.700000
2020-05-26;78.786133;147.000000;514.441223;5.840000;11.140000
2020-05-27;79.129402;145.960007;526.987183;6.030000;11.980000
2020-05-28;79.164230;148.789993;527.419434;5.850000;10.980000
2020-05-29;79.087120;155.009995;519.363342;5.710000;10.500000
2020-06-01;80.059723;154.529999;528.785034;5.870000;11.110000
2020-06-02;80.430351;157.490005;531.840515;5.900000;11.220000
2020-06-03;80.873131;156.779999;538.098694;6.190000;11.850000
2020-06-04;80.176636;154.600006;540.185486;6.570000;16.719999
2020-06-05;82.460152;156.000000;550.411865;7.340000;18.590000
2020-06-08;82.947685;156.089996;551.203064;7.530000;20.309999
2020-06-09;85.567009;156.860001;551.925049;7.240000;18.549999
2020-06-10;87.768440;159.910004;551.925049;6.810000;17.020000
2020-06-11;83.554642;153.039993;519.436157;6.130000;14.380000
2020-06-12;84.276009;155.259995;521.246033;6.460000;16.740000
2020-06-15;85.318260;157.550003;537.060303;6.500000;16.700001
2020-06-16;87.579391;161.220001;544.349243;6.550000;17.030001
2020-06-17;87.457504;163.830002;549.126099;6.330000;16.980000
2020-06-18;87.492332;168.050003;550.649170;6.330000;16.490000
2020-06-19;86.992348;164.360001;549.264587;6.230000;16.000000
2020-06-22;89.268394;170.259995;547.128357;6.280000;14.920000
2020-06-23;91.173805;172.789993;548.552551;6.150000;14.000000
2020-06-24;89.564407;168.000000;532.649292;5.950000;13.040000
2020-06-25;90.753426;172.500000;540.956909;6.030000;13.170000
2020-06-26;87.964951;170.869995;528.970154;5.910000;12.380000
2020-06-29;89.992256;168.350006;527.011902;6.010000;13.320000
2020-06-30;90.743469;174.229996;538.108582;6.080000;13.070000
2020-07-01;90.571838;177.429993;538.336060;5.980000;12.810000
2020-07-02;90.571838;177.210007;545.704163;6.050000;12.500000
2020-07-06;92.994652;176.179993;551.420593;6.190000;12.800000
2020-07-07;92.706093;177.279999;543.192078;6.120000;11.910000
2020-07-08;94.865234;181.570007;551.479980;6.090000;11.990000
2020-07-09;95.273193;183.229996;543.399780;5.840000;11.180000
2020-07-10;95.439842;178.399994;547.988770;6.100000;11.940000
2020-07-13;94.999557;171.509995;546.485474;6.060000;11.630000
2020-07-14;96.571655;172.300003;555.159119;6.360000;11.570000
2020-07-15;97.235809;172.059998;562.339294;6.740000;13.440000
2020-07-16;96.039330;169.809998;560.727234;6.860000;12.450000
2020-07-17;95.845299;173.919998;581.258911;6.800000;11.910000
2020-07-20;97.865143;178.820007;573.228149;6.660000;11.470000
2020-07-21;96.514442;175.580002;573.623779;6.680000;11.470000
2020-07-22;96.785568;178.419998;576.135864;6.840000;11.360000
2020-07-23;92.380234;173.860001;571.794189;6.980000;11.770000
2020-07-24;92.151382;172.559998;564.346924;6.880000;11.390000
2020-07-27;94.335396;177.979996;569.005188;6.930000;11.390000
2020-07-28;92.785706;176.270004;564.426086;7.010000;11.770000
2020-07-29;94.564247;184.600006;571.250183;6.920000;11.400000
2020-07-30;95.708496;192.509995;566.789795;6.740000;11.180000
2020-07-31;105.728088;196.070007;568.688660;6.610000;11.120000
2020-08-03;108.392181;197.070007;573.574341;6.690000;11.080000
2020-08-04;109.116043;197.330002;564.762329;6.860000;11.470000
2020-08-05;109.511551;202.910004;575.750183;6.960000;12.560000
2020-08-06;113.332329;204.089996;575.829285;6.930000;13.040000
2020-08-07;110.755638;198.630005;581.723755;6.860000;13.030000
2020-08-10;112.365448;193.320007;573.821655;7.090000;14.000000
2020-08-11;109.023705;189.029999;580.190796;7.230000;13.730000
2020-08-12;112.647041;191.320007;583.751221;7.110000;13.540000
2020-08-13;114.640610;193.070007;583.078735;7.030000;13.300000
2020-08-14;114.538445;191.460007;581.990845;7.040000;13.330000
2020-08-17;114.239403;196.289993;585.521606;6.980000;12.620000
2020-08-18;115.191338;194.570007;582.732605;6.890000;12.600000
2020-08-19;115.335869;192.440002;583.266663;6.870000;12.680000
2020-08-20;117.895126;198.179993;576.946838;6.840000;12.500000
2020-08-21;123.970551;196.789993;577.619385;6.660000;12.160000
2020-08-24;125.453270;198.880005;584.947937;6.980000;13.440000
2020-08-25;124.424088;201.669998;584.651245;6.940000;13.140000
2020-08-26;126.116135;203.479996;585.590759;6.820000;12.790000
2020-08-27;124.608498;204.339996;588.439148;6.910000;13.280000
2020-08-28;124.406647;204.479996;594.452332;6.940000;13.590000
2020-08-31;128.625549;204.139999;587.657776;6.820000;13.050000
2020-09-01;133.749039;208.929993;589.685303;6.830000;13.100000
2020-09-02;130.977966;210.820007;601.315979;6.950000;13.230000
2020-09-03;120.491753;204.990005;576.193604;6.820000;13.360000
2020-09-04;120.571503;191.839996;561.776855;6.900000;13.610000
2020-09-08;112.457649;185.949997;549.747925;7.030000;13.630000
2020-09-09;116.943192;194.600006;557.349304;6.970000;13.050000
2020-09-10;113.125496;190.089996;540.564575;6.910000;13.010000
2020-09-11;111.640282;184.000000;538.465271;7.000000;12.950000
2020-09-14;114.989487;186.960007;544.614014;7.120000;13.260000
2020-09-15;115.168915;186.020004;545.390015;7.040000;13.140000
2020-09-16;111.769859;180.910004;558.891479;7.020000;13.800000
2020-09-17;109.985611;175.789993;545.638794;7.280000;13.630000
2020-09-18;106.496849;176.070007;554.105774;7.230000;13.190000
2020-09-21;109.726448;183.210007;549.797729;6.870000;12.210000
2020-09-22;111.450882;187.779999;548.016724;6.780000;12.340000
2020-09-23;106.775963;181.610001;535.818665;6.640000;11.930000
2020-09-24;107.872421;182.190002;532.346313;6.660000;11.770000
2020-09-25;111.919373;187.250000;545.041809;6.510000;12.290000
2020-09-28;114.590767;192.020004;555.827087;6.690000;12.760000
2020-09-29;113.723564;194.500000;551.996521;6.600000;12.250000
2020-09-30;115.438042;197.029999;560.702271;6.660000;12.290000
2020-10-01;116.414894;196.940002;565.040222;6.750000;12.580000
2020-10-02;112.657005;191.910004;567.239075;6.890000;13.000000
2020-10-05;116.125824;196.850006;578.044189;7.020000;13.120000
2020-10-06;112.796555;191.660004;577.297974;6.980000;12.530000
2020-10-07;114.710388;194.610001;589.058289;7.230000;13.070000
2020-10-08;114.600739;193.059998;601.385681;7.350000;13.160000
2020-10-09;116.594315;197.270004;608.479614;7.250000;13.200000
2020-10-12;124.000458;201.509995;611.782898;7.670000;12.920000
2020-10-13;120.711044;207.740005;635.731262;7.760000;12.220000
2020-10-14;120.800766;203.600006;636.616699;7.570000;12.360000
2020-10-15;120.322304;203.139999;642.974426;7.620000;12.230000
2020-10-16;118.637726;204.449997;654.058167;7.670000;12.460000
2020-10-19;115.607498;200.059998;631.681824;7.590000;12.560000
2020-10-20;117.132591;201.960007;641.810364;7.740000;12.800000
2020-10-21;116.494644;213.070007;631.781311;7.850000;12.750000
2020-10-22;115.378235;203.929993;631.970337;8.210000;13.150000
2020-10-23;114.670517;203.039993;634.089539;8.160000;12.600000
2020-10-26;114.680489;197.220001;619.045959;8.030000;11.800000
2020-10-27;116.225510;200.429993;611.424683;7.920000;11.230000
2020-10-28;110.842850;192.309998;597.674561;7.700000;10.950000
2020-10-29;114.949615;195.039993;599.286316;7.900000;11.160000
2020-10-30;108.510361;186.130005;596.182129;7.730000;11.280000
2020-11-02;108.420654;187.759995;611.762939;7.710000;11.190000
2020-11-03;110.085289;179.809998;626.080261;7.880000;11.250000
2020-11-04;114.580803;194.289993;648.307312;7.640000;11.010000
2020-11-05;118.647697;204.559998;664.813538;7.990000;11.600000
2020-11-06;118.512909;202.729996;651.590698;7.790000;11.460000
2020-11-09;116.146439;184.720001;662.654541;8.200000;13.200000
2020-11-10;115.796967;183.360001;657.261841;8.380000;12.380000
2020-11-11;119.311707;192.339996;667.231262;8.330000;12.040000
2020-11-12;119.032127;189.100006;656.455933;8.210000;11.740000
2020-11-13;119.082054;188.619995;666.385559;8.540000;12.240000
2020-11-16;120.120506;191.940002;673.011902;8.800000;12.790000
2020-11-17;119.211861;192.300003;664.117065;8.750000;12.700000
2020-11-18;117.853889;190.119995;666.504944;8.820000;12.740000
2020-11-19;118.462982;190.899994;670.076782;8.820000;12.790000
2020-11-20;117.164917;192.669998;669.310730;8.740000;12.530000
2020-11-23;113.680122;200.820007;679.419312;8.860000;13.560000
2020-11-24;114.998154;206.000000;695.766296;9.450000;14.820000
2020-11-25;115.856873;214.460007;700.054504;9.080000;14.940000
2020-11-27;116.416031;211.389999;711.496399;9.090000;14.980000
2020-11-30;118.872368;214.119995;694.821106;9.080000;14.130000
2020-12-01;122.536896;216.539993;711.615784;9.240000;14.270000
2020-12-02;122.896355;212.559998;714.729980;9.200000;14.860000
2020-12-03;122.756569;214.539993;715.419983;9.210000;16.090000
2020-12-04;122.067596;217.770004;703.469971;9.340000;16.400000
2020-12-07;123.565353;217.929993;709.489990;9.220000;17.209999
2020-12-08;124.194412;216.940002;713.919983;9.250000;17.629999
2020-12-09;121.598289;210.800003;701.679993;9.450000;17.160000
2020-12-10;123.056114;215.339996;698.409973;9.120000;17.990000
2020-12-11;122.227356;214.059998;695.200012;9.020000;17.049999
2020-12-14;121.598289;220.789993;683.919983;8.910000;16.700001
2020-12-15;127.689186;221.600006;698.179993;9.150000;17.010000
2020-12-16;127.619293;230.199997;698.369995;9.040000;16.860001
2020-12-17;128.507965;235.509995;706.010010;9.080000;16.799999
2020-12-18;126.471016;236.449997;698.799988;8.950000;16.510000
2020-12-21;128.038666;237.720001;698.830017;8.930000;16.100000
2020-12-22;131.683228;243.490005;693.520020;8.790000;15.480000
2020-12-23;130.764603;239.440002;703.640015;8.990000;15.890000
2020-12-24;131.773087;238.639999;707.179993;8.860000;15.660000
2020-12-28;136.486053;235.729996;710.179993;8.890000;16.059999
2020-12-29;134.668762;231.029999;706.280029;8.820000;15.860000
2020-12-30;133.520477;231.509995;708.940002;8.860000;16.150000
2020-12-31;132.492020;234.199997;721.539978;8.790000;15.770000